{
    "loss": 7.552223205566406,
    "accuracy": 0.5035971403121948
}